tweet,tokens,text_clean,sentimiento_bert,cluster,Clasificacion
"Resuelto, muchísimas gracias , excelente servicio como siempre","['resuelto', 'muchisimas', 'gracias', 'excelente', 'servicio', 'siempre']",resuelto muchisimas gracias excelente servicio siempre,5 stars,0,servicio
"Yo no sé mucho, pero te recomiendo la Inversión de . De los mejores rendimientos que he visto, y plazo a 7 días. También el de está chingón, pero tienen un límite de 20k en inversón.","['recomiendo', 'inversion', 'mejores', 'rendimientos', 'visto', 'plazo', '7', 'dias', 'tambien', 'chingon', 'limite', '20k', 'inverson']",recomiendo inversion mejores rendimientos visto plazo 7 dias tambien chingon limite 20k inverson,5 stars,0,rendimiento
Mis Respetos para ustedes... Gracias por el servicio 🙌🏻,"['respetos', 'ustedes', 'gracias', 'servicio']",respetos ustedes gracias servicio,5 stars,0,servicio
Siii amigo jajaja está muy padre y puedes inveir y te da buen rendimiento 🌚,"['siii', 'amigo', 'jajaja', 'padre', 'puedes', 'inveir', 'da', 'buen', 'rendimiento']",siii amigo jajaja padre puedes inveir da buen rendimiento,5 stars,0,rendimiento
"Es de 35,000 UDIS (184,000).De todas las plataformas en las que he inveido las mejores son Finsus y cetes para largo plazo y HeyBanco es para mi la mejor opción para tu fondo de emergencia , ya que tienes liquidez semanal. En Finsus tengo al rededor del 90% de mi poafolio.","['35000', 'udis', '184000de', 'todas', 'plataformas', 'inveido', 'mejores', 'finsus', 'cetes', 'largo', 'plazo', 'heybanco', 'mejor', 'opcion', 'fondo', 'emergencia', 'liquidez', 'semanal', 'finsus', 'rededor', '90', 'poafolio']",35000 udis 184000de todas plataformas inveido mejores finsus cetes largo plazo heybanco mejor opcion fondo emergencia liquidez semanal finsus rededor 90 poafolio,5 stars,0,banco
"heybanco muchos años como cliente de bancomer y me encontre con y la verdad estoy muy agusto con los servicios, la app y las tarjetas debito y credito","['heybanco', 'anos', 'cliente', 'bancomer', 'encontre', 'verdad', 'agusto', 'servicios', 'app', 'tarjetas', 'debito', 'credito']",heybanco anos cliente bancomer encontre verdad agusto servicios app tarjetas debito credito,5 stars,0,servicio
Por eso son mi banco 1 ⭐⭐⭐⭐⭐,"['banco', '1']",banco 1,5 stars,0,banco
"Increíble, gracias HeyBanco!!@heybanco","['increible', 'gracias', 'heybancoheybanco']",increible gracias heybancoheybanco,5 stars,0,banco
"💰La sexta opción está opción es de las mejores, su pagaré a 7 días es el mejor del mercado con tasa del 10% anual solo que la inversión aquí es desde $5,000, tiene un plan de metas que te dan rendimiento a mes vencido del 4% y tú dinero disponible en cualquier momento","['sexta', 'opcion', 'opcion', 'mejores', 'pagare', '7', 'dias', 'mejor', 'mercado', 'tasa', '10', 'anual', 'solo', 'inversion', 'aqui', '5000', 'plan', 'metas', 'dan', 'rendimiento', 'mes', 'vencido', '4', 'dinero', 'disponible', 'cualquier', 'momento']",sexta opcion opcion mejores pagare 7 dias mejor mercado tasa 10 anual solo inversion aqui 5000 plan metas dan rendimiento mes vencido 4 dinero disponible cualquier momento,5 stars,0,rendimiento
te lo súper recomiendo. Y no te cobran el plástico.,"['super', 'recomiendo', 'cobran', 'plastico']",super recomiendo cobran plastico,5 stars,0,recomi
"Muchas gracias, el equipo de me ayudó a resolver el problema y me dieron la recompensa que gané.","['muchas', 'gracias', 'equipo', 'ayudo', 'resolver', 'problema', 'dieron', 'recompensa', 'gane']",muchas gracias equipo ayudo resolver problema dieron recompensa gane,5 stars,0,recompensa
Gracias por mi premio de boletodorado ya canjee mi tarjeta de regalo,"['gracias', 'premio', 'boletodorado', 'canjee', 'tarjeta', 'regalo']",gracias premio boletodorado canjee tarjeta regalo,5 stars,0,tarjeta
cuando me darán un crédito tradicional ya llevo más de un año con una tarjeta de credito en garantía y he cumplido con mis pagos en tiempo y forma,"['daran', 'credito', 'tradicional', 'llevo', 'mas', 'ano', 'tarjeta', 'credito', 'garantia', 'cumplido', 'pagos', 'tiempo', 'forma']",daran credito tradicional llevo mas ano tarjeta credito garantia cumplido pagos tiempo forma,5 stars,0,tarjeta
"Despues de estar 1 año probando la tarjeta de Crédito de puedo decir que es muy buena y ni hablar de la cuenta de débito, realmente en temas de seguridad en transacciones, MUY TOP. tqm Hey.","['despues', '1', 'ano', 'probando', 'tarjeta', 'credito', 'puedo', 'decir', 'buena', 'hablar', 'cuenta', 'debito', 'realmente', 'temas', 'seguridad', 'transacciones', 'top', 'tqm', 'hey']",despues 1 ano probando tarjeta credito puedo decir buena hablar cuenta debito realmente temas seguridad transacciones top tqm hey,5 stars,0,tarjeta
"Amistad, usa si usas tu tarjeta 6 veces al mes en compras de $100 pesos te vuelves “HeyPro” y tu inversión te da un rendimiento de 10% anual que está súper súper bien con comparación a otros bancos o inveir a 25 años con Allianz a mi me explicó mi prima y suena rebien","['amistad', 'usa', 'si', 'usas', 'tarjeta', '6', 'veces', 'mes', 'compras', '100', 'pesos', 'vuelves', 'heypro', 'inversion', 'da', 'rendimiento', '10', 'anual', 'super', 'super', 'bien', 'comparacion', 'bancos', 'inveir', '25', 'anos', 'allianz', 'explico', 'prima', 'suena', 'rebien']",amistad usa si usas tarjeta 6 veces mes compras 100 pesos vuelves heypro inversion da rendimiento 10 anual super super bien comparacion bancos inveir 25 anos allianz explico prima suena rebien,5 stars,0,rendimiento
Mmm. te da el rendimiento del 10% Es buena opción.,"['mmm', 'da', 'rendimiento', '10', 'buena', 'opcion']",mmm da rendimiento 10 buena opcion,5 stars,0,rendimiento
Gracias por mi aumento de crédito en mi tarjeta 💳!! Muy contenta con sus servicios! ♥️,"['gracias', 'aumento', 'credito', 'tarjeta', 'contenta', 'servicios']",gracias aumento credito tarjeta contenta servicios,5 stars,0,servicio
Hablando de Ajolotes el banco sacara esta tarjeta y me encanto.. 👌🏼😊,"['hablando', 'ajolotes', 'banco', 'sacara', 'tarjeta', 'encanto']",hablando ajolotes banco sacara tarjeta encanto,5 stars,0,tarjeta
Gracias por ser el mejor banco ✨,"['gracias', 'ser', 'mejor', 'banco']",gracias ser mejor banco,5 stars,0,banco
"HeyBanco tiene pagarés semanales con 10% anual. O sea, a la semana ya obtienes rendimientos y eso lo puedes reinveir en el siguiente pagaré (de forma automática). Como generas interés compuesto muy rápido, es muchísimo mejor que el 11% anual de CETES.","['heybanco', 'pagares', 'semanales', '10', 'anual', 'semana', 'obtienes', 'rendimientos', 'puedes', 'reinveir', 'siguiente', 'pagare', 'forma', 'automatica', 'generas', 'interes', 'compuesto', 'rapido', 'muchisimo', 'mejor', '11', 'anual', 'cetes']",heybanco pagares semanales 10 anual semana obtienes rendimientos puedes reinveir siguiente pagare forma automatica generas interes compuesto rapido muchisimo mejor 11 anual cetes,5 stars,0,rendimiento
Excelente servicio de atención a clientes en HeyBanco 10/10,"['excelente', 'servicio', 'atencion', 'clientes', 'heybanco', '1010']",excelente servicio atencion clientes heybanco 1010,5 stars,0,servicio
"Después de lo de hoy, la vida y mi banco favorito dijeron: ten un tarjeta de regalo para que te eches un Starbucks y te relajes un rato.","['despues', 'hoy', 'vida', 'banco', 'favorito', 'dijeron', 'ten', 'tarjeta', 'regalo', 'eches', 'starbucks', 'relajes', 'rato']",despues hoy vida banco favorito dijeron ten tarjeta regalo eches starbucks relajes rato,5 stars,0,tarjeta
Hola intenta en el teléfono o correo de la imagen. (Con la app la verdad yo no he tenido problemas),"['hola', 'intenta', 'telefono', 'correo', 'imagen', 'app', 'verdad', 'problemas']",hola intenta telefono correo imagen app verdad problemas,5 stars,0,app
"real esa tarjeta es la neta, en general el banco es 10/10","['real', 'tarjeta', 'neta', 'general', 'banco', '1010']",real tarjeta neta general banco 1010,5 stars,0,tarjeta
.@heybanco tqm 🫶 no solo es de los mejores bancos con su producto TDC o pagarés bancarios (inveir). Además sabe que ando de foráneo y me regalo dinerito en Amazon 😌con mi boleto dorado,"['heybanco', 'tqm', 'solo', 'mejores', 'bancos', 'producto', 'tdc', 'pagares', 'bancarios', 'inveir', 'ademas', 'sabe', 'ando', 'foraneo', 'regalo', 'dinerito', 'amazon', 'boleto', 'dorado']",heybanco tqm solo mejores bancos producto tdc pagares bancarios inveir ademas sabe ando foraneo regalo dinerito amazon boleto dorado,5 stars,0,banco
Estoy muy contesta de compairles esta colaboración que hice con Hey Banco,"['contesta', 'compairles', 'colaboracion', 'hice', 'hey', 'banco']",contesta compairles colaboracion hice hey banco,5 stars,0,banco
Esta padrisima la tarjeta!!,"['padrisima', 'tarjeta']",padrisima tarjeta,5 stars,0,tarjeta
"Está muy bonito, me hace considerar adquirir la tarjeta","['bonito', 'hace', 'considerar', 'adquirir', 'tarjeta']",bonito hace considerar adquirir tarjeta,5 stars,0,tarjeta
Gracias. Ya le mande todos mis datos de mi tarjeta.,"['gracias', 'mande', 'datos', 'tarjeta']",gracias mande datos tarjeta,5 stars,0,tarjeta
"Pf…. Sigues con Intermitencias… y solo Hey Banco, BBVA sin problema.","['pf', 'sigues', 'intermitencias', 'solo', 'hey', 'banco', 'bbva', 'problema']",pf sigues intermitencias solo hey banco bbva problema,5 stars,0,banco
"Tengo BBVA y Bancoppel, las dos trabajan a la perfección.","['bbva', 'bancoppel', 'dos', 'trabajan', 'perfeccion']",bbva bancoppel dos trabajan perfeccion,5 stars,0,banco
"Yo la tengo y es una maravilla, Servicio eficiente y la app de primera. ¡¡¡Altamente recomendable!!!!!","['maravilla', 'servicio', 'eficiente', 'app', 'primera', 'altamente', 'recomendable']",maravilla servicio eficiente app primera altamente recomendable,5 stars,0,servicio
"Animense, ya casi un año con la tarjeta de credito heygarantizada y sin problemas, incluyendo en el extranjero","['animense', 'casi', 'ano', 'tarjeta', 'credito', 'heygarantizada', 'problemas', 'incluyendo', 'extranjero']",animense casi ano tarjeta credito heygarantizada problemas incluyendo extranjero,5 stars,0,tarjeta
Mucho exito! heybanco,"['exito', 'heybanco']",exito heybanco,5 stars,0,banco
Ustedes son mi banco y la verdad lo estan haciendo muy bien!,"['ustedes', 'banco', 'verdad', 'estan', 'haciendo', 'bien']",ustedes banco verdad estan haciendo bien,5 stars,0,banco
"Así te da la bienvenida a tu tarjeta de Metal, aún sin beneficios adicionales 🫠","['asi', 'da', 'bienvenida', 'tarjeta', 'metal', 'aun', 'beneficios', 'adicionales']",asi da bienvenida tarjeta metal aun beneficios adicionales,5 stars,0,tarjeta
"Se cayó la app de todo ha sido una buena experiencia con ustedes, no me fallen cuando se les necesita","['cayo', 'app', 'sido', 'buena', 'experiencia', 'ustedes', 'fallen', 'necesita']",cayo app sido buena experiencia ustedes fallen necesita,5 stars,0,app
Exacto puntos lealtad que solo se cambian en su tiendaPor lo menos en Santander si tienda tenía tecnología y aículos para el hogar Mejor que lo cambien por más cashback,"['exacto', 'puntos', 'lealtad', 'solo', 'cambian', 'tiendapor', 'menos', 'santander', 'si', 'tienda', 'tenia', 'tecnologia', 'aiculos', 'hogar', 'mejor', 'cambien', 'mas', 'cashback']",exacto puntos lealtad solo cambian tiendapor menos santander si tienda tenia tecnologia aiculos hogar mejor cambien mas cashback,5 stars,0,cashback
Verdaderamente el mejor banco que hay 💖✨ los tqm mucho 🤠,"['verdaderamente', 'mejor', 'banco', 'tqm']",verdaderamente mejor banco tqm,5 stars,0,banco
Super! Ojalá que esto pueda ser corregido en la app entonces. Apareció así hace unos días de repente. Gracias!Cc.,"['super', 'ojala', 'pueda', 'ser', 'corregido', 'app', 'entonces', 'aparecio', 'asi', 'hace', 'dias', 'repente', 'graciascc']",super ojala pueda ser corregido app entonces aparecio asi hace dias repente graciascc,5 stars,0,app
"Cámbiate a HeyBanco, hasta el momento es la mejor que he probado. Te dan 2% de todo lo que gastas, y es dinero gratis si eres como yo que siempre paga a tiempo y nunca paga intereses.","['cambiate', 'heybanco', 'momento', 'mejor', 'probado', 'dan', '2', 'gastas', 'dinero', 'gratis', 'si', 'siempre', 'paga', 'tiempo', 'nunca', 'paga', 'intereses']",cambiate heybanco momento mejor probado dan 2 gastas dinero gratis si siempre paga tiempo nunca paga intereses,5 stars,0,banco
En verdad les agradezco ya que no tengo la tarjeta de débito y la necesito,"['verdad', 'agradezco', 'tarjeta', 'debito', 'necesito']",verdad agradezco tarjeta debito necesito,5 stars,0,tarjeta
"Excelente servicio en atención a clientes 🫶🏻, nunca cambien! ❤️","['excelente', 'servicio', 'atencion', 'clientes', 'nunca', 'cambien']",excelente servicio atencion clientes nunca cambien,5 stars,0,servicio
"también agradezco mucho a las personas que han querido hacer donaciones para el vestuario, sin duda lo agradezco y aprecio enormemente; si ustedes gustan donar algo pueden hacerlo a la clabe 058597000024431851 en HeyBanco a nombre de Noris Vargas G. (Sin embargo también pueden","['tambien', 'agradezco', 'personas', 'querido', 'hacer', 'donaciones', 'vestuario', 'duda', 'agradezco', 'aprecio', 'enormemente', 'si', 'ustedes', 'gustan', 'donar', 'pueden', 'hacerlo', 'clabe', '058597000024431851', 'heybanco', 'nombre', 'noris', 'vargas', 'g', 'embargo', 'tambien', 'pueden']",tambien agradezco personas querido hacer donaciones vestuario duda agradezco aprecio enormemente si ustedes gustan donar pueden hacerlo clabe 058597000024431851 heybanco nombre noris vargas g embargo tambien pueden,5 stars,0,banco
Teniendo tantas juntas de Cashback y viendo los beneficios me dan ganas de sacar mis tarjetas de &amp;,"['tantas', 'juntas', 'cashback', 'viendo', 'beneficios', 'dan', 'ganas', 'sacar', 'tarjetas', 'amp']",tantas juntas cashback viendo beneficios dan ganas sacar tarjetas amp,5 stars,0,cashback
"Habla al número que está en la tarjeta, yo lo hice así y no tuve ningún problema en españa ;)","['habla', 'numero', 'tarjeta', 'hice', 'asi', 'ningun', 'problema', 'espana']",habla numero tarjeta hice asi ningun problema espana,5 stars,0,tarjeta
"5/ Seguramente veremos a y dando más noticias de innovación y servicios, pero sobre todo generando más competencia en la industria financiera, lo cual beneficia a todos los usuarios.BancaDigital NuMéxico HeyBanco Innovación CompetenciaFinanciera Fintech","['5', 'seguramente', 'veremos', 'dando', 'mas', 'noticias', 'innovacion', 'servicios', 'generando', 'mas', 'competencia', 'industria', 'financiera', 'beneficia', 'usuariosbancadigital', 'numexico', 'heybanco', 'innovacion', 'competenciafinanciera', 'fintech']",5 seguramente veremos dando mas noticias innovacion servicios generando mas competencia industria financiera beneficia usuariosbancadigital numexico heybanco innovacion competenciafinanciera fintech,5 stars,0,servicio
"Gracias hey banco, solucionaron el problema.","['gracias', 'hey', 'banco', 'solucionaron', 'problema']",gracias hey banco solucionaron problema,5 stars,0,banco
el mejor banco &lt;3,"['mejor', 'banco', 'lt3']",mejor banco lt3,5 stars,0,banco
"Uno de los productos más esperados del año!!!! En YouTube ya tenemos el unboxing, activación y pequeña navegación por el app de la tarjeta metálica de ! Les compao el link del video: TarjetaDeCrédito HeyBanco","['productos', 'mas', 'esperados', 'ano', 'youtube', 'unboxing', 'activacion', 'pequena', 'navegacion', 'app', 'tarjeta', 'metalica', 'compao', 'link', 'video', 'tarjetadecredito', 'heybanco']",productos mas esperados ano youtube unboxing activacion pequena navegacion app tarjeta metalica compao link video tarjetadecredito heybanco,5 stars,0,tarjeta
Me encanta que HeyBanco ya te manda notificación cuando se hace el cobro 🤙🏼,"['encanta', 'heybanco', 'manda', 'notificacion', 'hace', 'cobro']",encanta heybanco manda notificacion hace cobro,5 stars,0,banco
Qué tengas excelente mitad de semana.🔥🤔Para quienes aún tienen duda de cómo funciona la tarjeta Garantizada de 😉👉🏼https://t.co/b6iYPqXW4F,"['excelente', 'mitad', 'semanapara', 'aun', 'duda', 'funciona', 'tarjeta', 'garantizada', 'httpstcob6iypqxw4f']",excelente mitad semanapara aun duda funciona tarjeta garantizada httpstcob6iypqxw4f,5 stars,0,tarjeta
Qué tengas excelente mitad de semana.🔥🤔Para quienes aún tienen duda de cómo funciona la tarjeta Garantizada de 😉…,"['excelente', 'mitad', 'semanapara', 'aun', 'duda', 'funciona', 'tarjeta', 'garantizada']",excelente mitad semanapara aun duda funciona tarjeta garantizada,5 stars,0,tarjeta
"Recomiendo ampliamente que usen y como alternativas a los llamados bancos tradicionales. Si sus bancos les están cobrando alguna comisión de cualquier tipo en sus cuentas de débito o peor aún, no están generando nada, entonces están en el lugar incorrecto.","['recomiendo', 'ampliamente', 'usen', 'alternativas', 'llamados', 'bancos', 'tradicionales', 'si', 'bancos', 'estan', 'cobrando', 'alguna', 'comision', 'cualquier', 'tipo', 'cuentas', 'debito', 'peor', 'aun', 'estan', 'generando', 'entonces', 'estan', 'lugar', 'incorrecto']",recomiendo ampliamente usen alternativas llamados bancos tradicionales si bancos estan cobrando alguna comision cualquier tipo cuentas debito peor aun estan generando entonces estan lugar incorrecto,5 stars,0,banco
"¡Hola! Abre tu Cuenta Hey y obtén un boleto dorado cada mes para ganar.https://t.co/j45MnogZ Te recomiendo muchísimo la cuenta, de hecho la reseñan muy bien varios YouTubers de finanzas.","['hola', 'abre', 'cuenta', 'hey', 'obten', 'boleto', 'dorado', 'cada', 'mes', 'ganarhttpstcoj45mnogz', 'recomiendo', 'muchisimo', 'cuenta', 'hecho', 'resenan', 'bien', 'varios', 'youtubers', 'finanzas']",hola abre cuenta hey obten boleto dorado cada mes ganarhttpstcoj45mnogz recomiendo muchisimo cuenta hecho resenan bien varios youtubers finanzas,5 stars,0,recomi
Yo fui muy feliz por muchos años con la Santander Free hasta que me cambié a HeyBanco y su tarjeta me pareció una chulada. Recomiendo ampliamente.,"['feliz', 'anos', 'santander', 'free', 'cambie', 'heybanco', 'tarjeta', 'parecio', 'chulada', 'recomiendo', 'ampliamente']",feliz anos santander free cambie heybanco tarjeta parecio chulada recomiendo ampliamente,5 stars,0,tarjeta
"He probado 4 bancos tradicionales diferentes y hasta el momento el mejor manejando MSI, ha sido ✅Te permite ver exactamente cuánto debes en total. ✅ Te da la lista de todos los pagos futuros que tendrás que hacer mes por mes. ✅ Te da cashback de 2% en efectivo.","['probado', '4', 'bancos', 'tradicionales', 'diferentes', 'momento', 'mejor', 'manejando', 'msi', 'sido', 'permite', 'ver', 'exactamente', 'cuanto', 'debes', 'total', 'da', 'lista', 'pagos', 'futuros', 'tendras', 'hacer', 'mes', 'mes', 'da', 'cashback', '2', 'efectivo']",probado 4 bancos tradicionales diferentes momento mejor manejando msi sido permite ver exactamente cuanto debes total da lista pagos futuros tendras hacer mes mes da cashback 2 efectivo,5 stars,0,cashback
Con es tan sencillo hacer todo tipo de movimientos desde mi celular. Además tienen una super tasa de rendimiento…,"['tan', 'sencillo', 'hacer', 'tipo', 'movimientos', 'celular', 'ademas', 'super', 'tasa', 'rendimiento']",tan sencillo hacer tipo movimientos celular ademas super tasa rendimiento,5 stars,0,rendimiento
Listos! 💪🏼heybanco PalNoe2021,"['listos', 'heybanco', 'palnoe2021']",listos heybanco palnoe2021,5 stars,0,banco
"Muchas Gracias, ya fue resuelto, gracias por el sopoe. Excelente servicio 👌🏽","['muchas', 'gracias', 'resuelto', 'gracias', 'sopoe', 'excelente', 'servicio']",muchas gracias resuelto gracias sopoe excelente servicio,5 stars,2,servicio
AMO heybanco bien cabron. Jaja,"['amo', 'heybanco', 'bien', 'cabron', 'jaja']",amo heybanco bien cabron jaja,5 stars,0,banco
Por fiiiin modificaron la app de ya detecta mi huella y tiene una bonita sección de métricas de tus gastos. Ah y pagué sin temas la luz.,"['fiiiin', 'modificaron', 'app', 'detecta', 'huella', 'bonita', 'seccion', 'metricas', 'gastos', 'ah', 'pague', 'temas', 'luz']",fiiiin modificaron app detecta huella bonita seccion metricas gastos ah pague temas luz,5 stars,0,app
"Ps.... su aplicación es la mejor, he visto HSBC y Banamex y nel. ¿qué tal la de HeyBanco, la has probado?","['ps', 'aplicacion', 'mejor', 'visto', 'hsbc', 'banamex', 'nel', 'tal', 'heybanco', 'probado']",ps aplicacion mejor visto hsbc banamex nel tal heybanco probado,5 stars,0,banco
"Desde que abrí mi cuenta los amo ♥️. Si puedes, te recomiendo INVERSIÓN HEY ahí tengo mis ahorros y si eres Hey Pro hay mejores rendimientos 🤩","['abri', 'cuenta', 'amo', 'si', 'puedes', 'recomiendo', 'inversion', 'hey', 'ahi', 'ahorros', 'si', 'hey', 'pro', 'mejores', 'rendimientos']",abri cuenta amo si puedes recomiendo inversion hey ahi ahorros si hey pro mejores rendimientos,5 stars,0,rendimiento
"ay suena súper bien, justo lo que me anda gustando mucho ahorita de nu es su pae de hacer crecer tu dinero jajk o sea la inversión, quiero entrarle más al tema👀 la más fan de los neobanks, definitivamente cuando por fin mande alv a banamex me abriré una de heybanco 🤓🩷","['ay', 'suena', 'super', 'bien', 'justo', 'anda', 'gustando', 'ahorita', 'nu', 'pae', 'hacer', 'crecer', 'dinero', 'jajk', 'inversion', 'quiero', 'entrarle', 'mas', 'tema', 'mas', 'fan', 'neobanks', 'definitivamente', 'fin', 'mande', 'alv', 'banamex', 'abrire', 'heybanco']",ay suena super bien justo anda gustando ahorita nu pae hacer crecer dinero jajk inversion quiero entrarle mas tema mas fan neobanks definitivamente fin mande alv banamex abrire heybanco,5 stars,0,banco
"Que sean tan fácil de usar y sobre todo confiables como heybanco, cuales?","['tan', 'facil', 'usar', 'confiables', 'heybanco', 'cuales']",tan facil usar confiables heybanco cuales,5 stars,0,banco
"Ya me llegó la Ajolotarjeta de y me encantó, acá les dejo el unboxing para que vean más detalles de este nuevo diseño:","['llego', 'ajolotarjeta', 'encanto', 'aca', 'dejo', 'unboxing', 'vean', 'mas', 'detalles', 'nuevo', 'diseno']",llego ajolotarjeta encanto aca dejo unboxing vean mas detalles nuevo diseno,5 stars,0,tarjeta
Yo voy a pedir la mía está preciosa esa tarjeta 👍🥰,"['voy', 'pedir', 'mia', 'preciosa', 'tarjeta']",voy pedir mia preciosa tarjeta,5 stars,0,tarjeta
"Buenos días, he gracias por la atención, llame al servicio al cliente y todo bien, ya no aparece así, muchas gracias 👀","['buenos', 'dias', 'gracias', 'atencion', 'llame', 'servicio', 'cliente', 'bien', 'aparece', 'asi', 'muchas', 'gracias']",buenos dias gracias atencion llame servicio cliente bien aparece asi muchas gracias,5 stars,0,servicio
"esperemos que responda en sinceramente no he tenido problemas con ellos se me hace un buen banco, muchas gracias.","['esperemos', 'responda', 'sinceramente', 'problemas', 'hace', 'buen', 'banco', 'muchas', 'gracias']",esperemos responda sinceramente problemas hace buen banco muchas gracias,5 stars,0,banco
El mejor banco es HeyBanco por mucha diferencia nk,"['mejor', 'banco', 'heybanco', 'mucha', 'diferencia', 'nk']",mejor banco heybanco mucha diferencia nk,5 stars,0,banco
"Sí, tengo distintas cuentas y siempre me han apoyado cuando llega a pasar algo. Hasta ahora HeyBanco y BBVA han sido mis mejores experiencias","['si', 'distintas', 'cuentas', 'siempre', 'apoyado', 'llega', 'pasar', 'ahora', 'heybanco', 'bbva', 'sido', 'mejores', 'experiencias']",si distintas cuentas siempre apoyado llega pasar ahora heybanco bbva sido mejores experiencias,5 stars,0,banco
Recomiendo HeyBanco,"['recomiendo', 'heybanco']",recomiendo heybanco,5 stars,0,banco
Yo he tenido buena experiencia con HeyBanco. 1% cashback en compras físicas y 2% en compras online. La app es fácil de usar y permite inveir al 10% anual renovando cada 7 días. Actualmente la utilizo para cubrir mi gasto mensual. Estoy contento con ella.,"['buena', 'experiencia', 'heybanco', '1', 'cashback', 'compras', 'fisicas', '2', 'compras', 'online', 'app', 'facil', 'usar', 'permite', 'inveir', '10', 'anual', 'renovando', 'cada', '7', 'dias', 'actualmente', 'utilizo', 'cubrir', 'gasto', 'mensual', 'contento']",buena experiencia heybanco 1 cashback compras fisicas 2 compras online app facil usar permite inveir 10 anual renovando cada 7 dias actualmente utilizo cubrir gasto mensual contento,5 stars,0,cashback
Ilimitadas. Puedes hacer todas las que quieras con los plazos que gustes y los mejores rendimientos. En ofrecemos la mejor plataforma digital que te permite libead financiera.,"['ilimitadas', 'puedes', 'hacer', 'todas', 'quieras', 'plazos', 'gustes', 'mejores', 'rendimientos', 'ofrecemos', 'mejor', 'plataforma', 'digital', 'permite', 'libead', 'financiera']",ilimitadas puedes hacer todas quieras plazos gustes mejores rendimientos ofrecemos mejor plataforma digital permite libead financiera,5 stars,0,rendimiento
Dame el telefono de servicio al cliente,"['dame', 'telefono', 'servicio', 'cliente']",dame telefono servicio cliente,5 stars,0,servicio
"Excelente servicio Por cieo, como dato Por cualquier cosa yo no di mis datos bancarios pues de uso común Yo tengo una cuenta digital de HeyBanco que no utilizo más que para esto, y ahí me han estado llegando mis transferencias Adjunto evidencia","['excelente', 'servicio', 'cieo', 'dato', 'cualquier', 'cosa', 'di', 'datos', 'bancarios', 'pues', 'uso', 'comun', 'cuenta', 'digital', 'heybanco', 'utilizo', 'mas', 'ahi', 'llegando', 'transferencias', 'adjunto', 'evidencia']",excelente servicio cieo dato cualquier cosa di datos bancarios pues uso comun cuenta digital heybanco utilizo mas ahi llegando transferencias adjunto evidencia,5 stars,0,servicio
recomiendo x10000 HeyBanco!!!,"['recomiendo', 'x10000', 'heybanco']",recomiendo x10000 heybanco,5 stars,0,banco
Jaja lo mismo pasa con Mercado Pago y HeyBanco pero de acuerdo es una maravilla,"['jaja', 'mismo', 'pasa', 'mercado', 'pago', 'heybanco', 'acuerdo', 'maravilla']",jaja mismo pasa mercado pago heybanco acuerdo maravilla,5 stars,0,banco
"Si me resolvieron, tiene un gran servicio al cliente!","['si', 'resolvieron', 'gran', 'servicio', 'cliente']",si resolvieron gran servicio cliente,5 stars,0,servicio
"Ya lo hice, ayer saqué todaa lana y mejor me quedo con quienes ya llevo tiempo y no he tenido problemas con ellos. También recomiendo a me está jalando muy bien y mis clientes me pagan por ahí. Saludos.","['hice', 'ayer', 'saque', 'todaa', 'lana', 'mejor', 'quedo', 'llevo', 'tiempo', 'problemas', 'tambien', 'recomiendo', 'jalando', 'bien', 'clientes', 'pagan', 'ahi', 'saludos']",hice ayer saque todaa lana mejor quedo llevo tiempo problemas tambien recomiendo jalando bien clientes pagan ahi saludos,5 stars,0,recomi
"hoy fue mi primer día en heybanco ✨🌷✨ de regreso a la vida de oficina 🦋 mil gracias, 💋","['hoy', 'primer', 'dia', 'heybanco', 'regreso', 'vida', 'oficina', 'mil', 'gracias']",hoy primer dia heybanco regreso vida oficina mil gracias,5 stars,0,banco
Le sugiero encarecidamente que se comunique con ~bensonhack50~ en Instagram para solucionar cualquier problema relacionado con la cuenta. ahí rápido y confiable aún puedes graficarlos por WhatsApp 👉🏻👉🏻,"['sugiero', 'encarecidamente', 'comunique', 'bensonhack50', 'instagram', 'solucionar', 'cualquier', 'problema', 'relacionado', 'cuenta', 'ahi', 'rapido', 'confiable', 'aun', 'puedes', 'graficarlos', 'whatsapp']",sugiero encarecidamente comunique bensonhack50 instagram solucionar cualquier problema relacionado cuenta ahi rapido confiable aun puedes graficarlos whatsapp,5 stars,0,app
"En la Comunidarks me recomendaron la Rappicard y la HeyBanco. Uso más la de HeyBanco por las recompensas, no hay anualidad, además te da tarjeta dual entonces tienes de crédito y débito. La Rappicard la uso para cosas más específicas, por ej Ticketmaster la acepta sin problema.","['comunidarks', 'recomendaron', 'rappicard', 'heybanco', 'uso', 'mas', 'heybanco', 'recompensas', 'anualidad', 'ademas', 'da', 'tarjeta', 'dual', 'entonces', 'credito', 'debito', 'rappicard', 'uso', 'cosas', 'mas', 'especificas', 'ej', 'ticketmaster', 'acepta', 'problema']",comunidarks recomendaron rappicard heybanco uso mas heybanco recompensas anualidad ademas da tarjeta dual entonces credito debito rappicard uso cosas mas especificas ej ticketmaster acepta problema,5 stars,0,tarjeta
Que guen servicio traen los de siemrpe resuelven bien 10/10 ☺️☺️,"['guen', 'servicio', 'traen', 'siemrpe', 'resuelven', 'bien', '1010']",guen servicio traen siemrpe resuelven bien 1010,5 stars,0,servicio
"Muchas gracias, ya lleno los datos. /@heybanco","['muchas', 'gracias', 'lleno', 'datos', 'heybanco']",muchas gracias lleno datos heybanco,5 stars,2,banco
en Recompensa Total Banoe llegan en menos de 3 días hábiles por mail.,"['recompensa', 'total', 'banoe', 'llegan', 'menos', '3', 'dias', 'habiles', 'mail']",recompensa total banoe llegan menos 3 dias habiles mail,5 stars,0,recompensa
Muy felices y contentos por nuestros clientes ya que hoy pudieron estrenar su nuevo hogar. inovaserviciosfinancieros cuauhtémocchihuahua creditos HeyBanco,"['felices', 'contentos', 'clientes', 'hoy', 'pudieron', 'estrenar', 'nuevo', 'hogar', 'inovaserviciosfinancieros', 'cuauhtemocchihuahua', 'creditos', 'heybanco']",felices contentos clientes hoy pudieron estrenar nuevo hogar inovaserviciosfinancieros cuauhtemocchihuahua creditos heybanco,5 stars,0,servicio
"Perfecto, ya pude entrar a la App y como según mi dispositivo no es compatible (aunque es uno de los más recientes de Samsung) prefiero cambiar de banco a cambiar mi equipo. Hola! Saludos.","['perfecto', 'pude', 'entrar', 'app', 'segun', 'dispositivo', 'compatible', 'aunque', 'mas', 'recientes', 'samsung', 'prefiero', 'cambiar', 'banco', 'cambiar', 'equipo', 'hola', 'saludos']",perfecto pude entrar app segun dispositivo compatible aunque mas recientes samsung prefiero cambiar banco cambiar equipo hola saludos,5 stars,0,banco
"Yo quisiera saber si ya puedo ser acreedor a la tarjeta de crédito tradicional, debido a que ya llevo más de seis meses de uso de la garantizada y se ha mejorado mi historial muy significativamente!","['quisiera', 'saber', 'si', 'puedo', 'ser', 'acreedor', 'tarjeta', 'credito', 'tradicional', 'debido', 'llevo', 'mas', 'seis', 'meses', 'uso', 'garantizada', 'mejorado', 'historial', 'significativamente']",quisiera saber si puedo ser acreedor tarjeta credito tradicional debido llevo mas seis meses uso garantizada mejorado historial significativamente,5 stars,0,tarjeta
"HeyBanco ha implementado un chat/bot muy interesante llamado HeyGPT, que resuelve dudas sobre sus productos, el cual me sorprendió bastante, creo que es un gran avance para mejorar la experiencia con la atención a clientes, acá te cuento todo:","['heybanco', 'implementado', 'chatbot', 'interesante', 'llamado', 'heygpt', 'resuelve', 'dudas', 'productos', 'sorprendio', 'bastante', 'creo', 'gran', 'avance', 'mejorar', 'experiencia', 'atencion', 'clientes', 'aca', 'cuento']",heybanco implementado chatbot interesante llamado heygpt resuelve dudas productos sorprendio bastante creo gran avance mejorar experiencia atencion clientes aca cuento,5 stars,0,banco
Yo uso ese banco y siempre me resuelven rápido y mil veces más rápido vs Banamex haha,"['uso', 'banco', 'siempre', 'resuelven', 'rapido', 'mil', 'veces', 'mas', 'rapido', 'vs', 'banamex', 'haha']",uso banco siempre resuelven rapido mil veces mas rapido vs banamex haha,5 stars,0,banco
HeyBanco. Me ha salido buena.,"['heybanco', 'salido', 'buena']",heybanco salido buena,5 stars,0,banco
Chulada de cuenta! Buenos rendimientos 🤑 aplicación funcionando al 💯 sin comisiones de ninguna especie!! Entre esta y la de no necesito nada de ninguna otra institución. Nunca cambien ehhh? Asi empezó Klar y luego ya no cumplió. ☺️👍🏻,"['chulada', 'cuenta', 'buenos', 'rendimientos', 'aplicacion', 'funcionando', 'comisiones', 'ninguna', 'especie', 'necesito', 'ninguna', 'institucion', 'nunca', 'cambien', 'ehhh', 'asi', 'empezo', 'klar', 'luego', 'cumplio']",chulada cuenta buenos rendimientos aplicacion funcionando comisiones ninguna especie necesito ninguna institucion nunca cambien ehhh asi empezo klar luego cumplio,5 stars,0,rendimiento
"¡Feliz Día del Programador! Su trabajo es esencial para el funcionamiento de la sociedad actual, es por eso que te traemos algunos datos impoantes sobre este día y la profesión.👨🏻‍💻 HeyBancoMedia HeyBanco DíaDelProgramador Programadores","['feliz', 'dia', 'programador', 'trabajo', 'esencial', 'funcionamiento', 'sociedad', 'actual', 'traemos', 'datos', 'impoantes', 'dia', 'profesion', 'heybancomedia', 'heybanco', 'diadelprogramador', 'programadores']",feliz dia programador trabajo esencial funcionamiento sociedad actual traemos datos impoantes dia profesion heybancomedia heybanco diadelprogramador programadores,5 stars,0,banco
Yo elimine el cache en los ajustes de la app y funcionó,"['elimine', 'cache', 'ajustes', 'app', 'funciono']",elimine cache ajustes app funciono,5 stars,0,app
"La colonia más bonita y cool de todo Latinoamérica te está esperando, descubre con Jonnah Moreno sus increíbles recintos y disfruta de su increíble belleza. HeyBanco HeyMedia HeydeLocal Guadalajara","['colonia', 'mas', 'bonita', 'cool', 'latinoamerica', 'esperando', 'descubre', 'jonnah', 'moreno', 'increibles', 'recintos', 'disfruta', 'increible', 'belleza', 'heybanco', 'heymedia', 'heydelocal', 'guadalajara']",colonia mas bonita cool latinoamerica esperando descubre jonnah moreno increibles recintos disfruta increible belleza heybanco heymedia heydelocal guadalajara,5 stars,0,banco
"El lugar perfecto para sentae a trabajar mientras te tomas un delicioso café... para después ir por una joya de la literatura, de segunda mano. Descubre con Jonnah Moreno los lugares secretos de la colonia Americana. HeyBanco HeyMedia HeydeLocal Guadalajara","['lugar', 'perfecto', 'sentae', 'trabajar', 'mientras', 'tomas', 'delicioso', 'cafe', 'despues', 'ir', 'joya', 'literatura', 'segunda', 'mano', 'descubre', 'jonnah', 'moreno', 'lugares', 'secretos', 'colonia', 'americana', 'heybanco', 'heymedia', 'heydelocal', 'guadalajara']",lugar perfecto sentae trabajar mientras tomas delicioso cafe despues ir joya literatura segunda mano descubre jonnah moreno lugares secretos colonia americana heybanco heymedia heydelocal guadalajara,5 stars,0,banco
"Entre cafeterías, una arquitectura única y bonitos pisos, Jonnah Moreno nos muestra la cara más apacible de la colonia Americana, que es considerada la más bonita en todo Latinoamérica. HeyBanco HeyMedia HeydeLocal Guadalajara","['cafeterias', 'arquitectura', 'unica', 'bonitos', 'pisos', 'jonnah', 'moreno', 'muestra', 'cara', 'mas', 'apacible', 'colonia', 'americana', 'considerada', 'mas', 'bonita', 'latinoamerica', 'heybanco', 'heymedia', 'heydelocal', 'guadalajara']",cafeterias arquitectura unica bonitos pisos jonnah moreno muestra cara mas apacible colonia americana considerada mas bonita latinoamerica heybanco heymedia heydelocal guadalajara,5 stars,0,banco
"Muchas gracias ahora sí, por mandar la actualización v10.39.2 de la app de Android. La aplicación funciona nuevamente, tras 5 días que estuvo muea para varios de nosotros. Gracias","['muchas', 'gracias', 'ahora', 'si', 'mandar', 'actualizacion', 'v10392', 'app', 'android', 'aplicacion', 'funciona', 'nuevamente', 'tras', '5', 'dias', 'muea', 'varios', 'gracias']",muchas gracias ahora si mandar actualizacion v10392 app android aplicacion funciona nuevamente tras 5 dias muea varios gracias,5 stars,0,app
"Gracias por la respuesta, pude habilitar mi app","['gracias', 'respuesta', 'pude', 'habilitar', 'app']",gracias respuesta pude habilitar app,5 stars,0,app
cómo puedo pedir otra tarjeta sin perder mis datos anteriores. Gracias,"['puedo', 'pedir', 'tarjeta', 'perder', 'datos', 'anteriores', 'gracias']",puedo pedir tarjeta perder datos anteriores gracias,5 stars,0,tarjeta
Siempre estoy recomendando y llevo 2 meses sin tarjeta 🤡 ¿regresar a Banamex será la solución?,"['siempre', 'recomendando', 'llevo', '2', 'meses', 'tarjeta', 'regresar', 'banamex', 'sera', 'solucion']",siempre recomendando llevo 2 meses tarjeta regresar banamex sera solucion,5 stars,0,tarjeta
"increíble que a estas alturas tengas que ir a activar tu netkey “móvil” a una sucursal cuando cambias de teléfono. Tienen mucho que aprender de que sin comprometer tu seguridad, lo hacen simple y rápido desde la misma app.","['increible', 'alturas', 'ir', 'activar', 'netkey', 'movil', 'sucursal', 'cambias', 'telefono', 'aprender', 'comprometer', 'seguridad', 'hacen', 'simple', 'rapido', 'misma', 'app']",increible alturas ir activar netkey movil sucursal cambias telefono aprender comprometer seguridad hacen simple rapido misma app,5 stars,0,app
11% la inversión y con eso!,"['11', 'inversion']",11 inversion,5 stars,0,inversi
"Muy buena , esta vez hey se equivocó, decía ser diferente a los bancos normales e incluso puede que apair…","['buena', 'vez', 'hey', 'equivoco', 'decia', 'ser', 'diferente', 'bancos', 'normales', 'incluso', 'puede', 'apair']",buena vez hey equivoco decia ser diferente bancos normales incluso puede apair,5 stars,0,banco
"Gracias por mis ultimas recompensas, adios vaquero, fue bueno mientras duró","['gracias', 'ultimas', 'recompensas', 'adios', 'vaquero', 'bueno', 'mientras', 'duro']",gracias ultimas recompensas adios vaquero bueno mientras duro,5 stars,0,recompensa
⭐️⭐️Tecate Pa'l Noe 2024!!!⭐️⭐️ 🚨Si tienen Hey Banco aprovechen hoy porque hay buenos descuentos en el abono Tempranero!…,"['tecate', 'pal', 'noe', '2024', 'si', 'hey', 'banco', 'aprovechen', 'hoy', 'buenos', 'descuentos', 'abono', 'tempranero']",tecate pal noe 2024 si hey banco aprovechen hoy buenos descuentos abono tempranero,5 stars,0,banco
Padrísimas las nuevas membresías de encontré una que se ajusta a mis necesidades y ya la contraté. Les recomiendo q…,"['padrisimas', 'nuevas', 'membresias', 'encontre', 'ajusta', 'necesidades', 'contrate', 'recomiendo', 'q']",padrisimas nuevas membresias encontre ajusta necesidades contrate recomiendo q,5 stars,0,recomi
"A mí ya me depositaron, la verdad estoy contento con sus servicios, espero recapaciten y re valoren sus decisiones","['depositaron', 'verdad', 'contento', 'servicios', 'espero', 'recapaciten', 're', 'valoren', 'decisiones']",depositaron verdad contento servicios espero recapaciten re valoren decisiones,5 stars,0,servicio
"Lo verdaderamente interesante de heybanco es su herramienta de inversión y, en lo personal, sería para lo único que tengo la tarjeta y que pagaría por el plan. Según el plan que pagues y si dejas el dinero 7 o 28 días te pueden dar el 9%, 10%, 11% o 12% de interés anual.","['verdaderamente', 'interesante', 'heybanco', 'herramienta', 'inversion', 'personal', 'seria', 'unico', 'tarjeta', 'pagaria', 'plan', 'segun', 'plan', 'pagues', 'si', 'dejas', 'dinero', '7', '28', 'dias', 'pueden', 'dar', '9', '10', '11', '12', 'interes', 'anual']",verdaderamente interesante heybanco herramienta inversion personal seria unico tarjeta pagaria plan segun plan pagues si dejas dinero 7 28 dias pueden dar 9 10 11 12 interes anual,5 stars,0,tarjeta
"La verdad son muy buenos contra fraudes o cosas así, los demás bancos se mega desentienden, a mí me han hecho todos los paros de la vida.","['verdad', 'buenos', 'fraudes', 'cosas', 'asi', 'demas', 'bancos', 'mega', 'desentienden', 'hecho', 'paros', 'vida']",verdad buenos fraudes cosas asi demas bancos mega desentienden hecho paros vida,5 stars,0,banco
Vamos muy bien con heybanco 👍🏾,"['vamos', 'bien', 'heybanco']",vamos bien heybanco,5 stars,0,banco
Una lección a esos perros de que quieren cobrar por lo que ustedes dan por solo ser clientes. Solo falta cashback y van a volver a ser mi tarjeta preferida.,"['leccion', 'perros', 'quieren', 'cobrar', 'ustedes', 'dan', 'solo', 'ser', 'clientes', 'solo', 'falta', 'cashback', 'van', 'volver', 'ser', 'tarjeta', 'preferida']",leccion perros quieren cobrar ustedes dan solo ser clientes solo falta cashback van volver ser tarjeta preferida,5 stars,0,cashback
"Bendita sea la competencia, y bienvenido el cashback así sea un por ciento como dice la canción","['bendita', 'competencia', 'bienvenido', 'cashback', 'asi', 'ciento', 'dice', 'cancion']",bendita competencia bienvenido cashback asi ciento dice cancion,5 stars,0,cashback
OJO ACA!! Regresan las recompensas a 🤩🤩🤩🤩,"['ojo', 'aca', 'regresan', 'recompensas']",ojo aca regresan recompensas,5 stars,0,recompensa
Les recomiendo también es mexicano y no está en quiebra con el DientesDeBurroUsurero,"['recomiendo', 'tambien', 'mexicano', 'quiebra', 'dientesdeburrousurero']",recomiendo tambien mexicano quiebra dientesdeburrousurero,5 stars,0,recomi
Gracias 🙏 😍👌⁦@soynumx⁩ ⁦@nubank⁩ espero sirva de aprendizaje a las demás plataformas si quieren nuestro dinero como inversionistas. Fyi ⁦@dinnactinver⁩ ⁦@heybanco⁩ ⁦@uala⁩ ⁦@uala_mex⁩ ⁦@MercadoPagoMex⁩ ⁦@FinsusApp⁩,"['gracias', 'soynumx', 'nubank', 'espero', 'sirva', 'aprendizaje', 'demas', 'plataformas', 'si', 'quieren', 'dinero', 'inversionistas', 'fyi', 'dinnactinver', 'heybanco', 'uala', 'uala_mex', 'mercadopagomex', 'finsusapp']",gracias soynumx nubank espero sirva aprendizaje demas plataformas si quieren dinero inversionistas fyi dinnactinver heybanco uala uala_mex mercadopagomex finsusapp,5 stars,0,banco
el mejor banco,"['mejor', 'banco']",mejor banco,5 stars,0,banco
"Me uní a en julio de 2019 y me ha resultado muy útil para mis transacciones en línea, la verdad la recomiendo mucho","['uni', 'julio', '2019', 'resultado', 'util', 'transacciones', 'linea', 'verdad', 'recomiendo']",uni julio 2019 resultado util transacciones linea verdad recomiendo,5 stars,0,recomi
"Hey Banco me gusta mucho, iwal mercado pago apae de q es súper práctico y el dinero q tienes ahí está inveido en gbm y te genera unos pesitos extras","['hey', 'banco', 'gusta', 'iwal', 'mercado', 'pago', 'apae', 'q', 'super', 'practico', 'dinero', 'q', 'ahi', 'inveido', 'gbm', 'genera', 'pesitos', 'extras']",hey banco gusta iwal mercado pago apae q super practico dinero q ahi inveido gbm genera pesitos extras,5 stars,0,banco
🎁 ¡Promoción para todos nuestros clientes Hey! Aprovecha las compras de temporada y recibe recompensas en efectivo. ¿List@ p…,"['promocion', 'clientes', 'hey', 'aprovecha', 'compras', 'temporada', 'recibe', 'recompensas', 'efectivo', 'list', 'p']",promocion clientes hey aprovecha compras temporada recibe recompensas efectivo list p,5 stars,0,recompensa
Siempre estoy recomendando y llevo 2 meses sin tarjeta 🤡 ¿regresar a Banamex será la solución?,"['siempre', 'recomendando', 'llevo', '2', 'meses', 'tarjeta', 'regresar', 'banamex', 'sera', 'solucion']",siempre recomendando llevo 2 meses tarjeta regresar banamex sera solucion,5 stars,0,tarjeta
"Jamas pensé que me quedaría con Hey Banco después de todas las mamadas que están haciendo pero literalmente es la mejor opción que tengo. En fin, chingada madre HSBC, tremendo pedo por una compra de 150 pesos.","['jamas', 'pense', 'quedaria', 'hey', 'banco', 'despues', 'todas', 'mamadas', 'estan', 'haciendo', 'literalmente', 'mejor', 'opcion', 'fin', 'chingada', 'madre', 'hsbc', 'tremendo', 'pedo', 'compra', '150', 'pesos']",jamas pense quedaria hey banco despues todas mamadas estan haciendo literalmente mejor opcion fin chingada madre hsbc tremendo pedo compra 150 pesos,5 stars,0,banco
Amamos las recompensas de 🫡,"['amamos', 'recompensas']",amamos recompensas,5 stars,0,recompensa
"Evalué cambiar a HeyBanco! por Nu, debido a la tasa de rendimiento y wow, gratamente sorprendida.","['evalue', 'cambiar', 'heybanco', 'nu', 'debido', 'tasa', 'rendimiento', 'wow', 'gratamente', 'sorprendida']",evalue cambiar heybanco nu debido tasa rendimiento wow gratamente sorprendida,5 stars,0,rendimiento
"Te la recomiendo, atención inmediata, también para ti un abrazo y felices fiestas, abrazo para toda la familia.","['recomiendo', 'atencion', 'inmediata', 'tambien', 'abrazo', 'felices', 'fiestas', 'abrazo', 'toda', 'familia']",recomiendo atencion inmediata tambien abrazo felices fiestas abrazo toda familia,5 stars,0,recomi
"Entiendo, con la de Baz me transfiero de la de crédito a la de Azteca, entra como una compra y no me genera comisión. Te la recomiendo y muy accesible","['entiendo', 'baz', 'transfiero', 'credito', 'azteca', 'entra', 'compra', 'genera', 'comision', 'recomiendo', 'accesible']",entiendo baz transfiero credito azteca entra compra genera comision recomiendo accesible,5 stars,0,credito
"Te recomiendo Hey banco, no tiene nada de eso y puedes retirar en cualquier HSBC o inbursa sin comisión.","['recomiendo', 'hey', 'banco', 'puedes', 'retirar', 'cualquier', 'hsbc', 'inbursa', 'comision']",recomiendo hey banco puedes retirar cualquier hsbc inbursa comision,5 stars,0,banco
"Hoy fui a la Fanshop de Hey banco y me la pasé super chido, además hice un amix ✨","['hoy', 'fanshop', 'hey', 'banco', 'pase', 'super', 'chido', 'ademas', 'hice', 'amix']",hoy fanshop hey banco pase super chido ademas hice amix,5 stars,0,banco
"Uy, ya los contacté, incluso les mande video al correo electrónico que me señalo la persona que me contestó, actualice mi sistema operativo y sigue igual, esto sucede solo con la app del Banco Hey, tengo apps de otros bancos y funcionan perfecto.","['uy', 'contacte', 'incluso', 'mande', 'video', 'correo', 'electronico', 'senalo', 'persona', 'contesto', 'actualice', 'sistema', 'operativo', 'sigue', 'igual', 'sucede', 'solo', 'app', 'banco', 'hey', 'apps', 'bancos', 'funcionan', 'perfecto']",uy contacte incluso mande video correo electronico senalo persona contesto actualice sistema operativo sigue igual sucede solo app banco hey apps bancos funcionan perfecto,5 stars,0,banco
🎁 ¡Promoción para todos nuestros clientes Hey! Aprovecha las compras de temporada y recibe recompensas en efectivo. ¿List@ p…,"['promocion', 'clientes', 'hey', 'aprovecha', 'compras', 'temporada', 'recibe', 'recompensas', 'efectivo', 'list', 'p']",promocion clientes hey aprovecha compras temporada recibe recompensas efectivo list p,5 stars,0,recompensa
"Por si ocupan, excelentes alternativas a BancoAztecaEnQuiebra 1. HeyBanco - Sin comisiones, contratación en línea, +23K puntos para retirar $ 2. NuBank - Sin comisiones, contratación en línea, retiro de efectivo en supermercados.","['si', 'ocupan', 'excelentes', 'alternativas', 'bancoaztecaenquiebra', '1', 'heybanco', 'comisiones', 'contratacion', 'linea', '23k', 'puntos', 'retirar', '2', 'nubank', 'comisiones', 'contratacion', 'linea', 'retiro', 'efectivo', 'supermercados']",si ocupan excelentes alternativas bancoaztecaenquiebra 1 heybanco comisiones contratacion linea 23k puntos retirar 2 nubank comisiones contratacion linea retiro efectivo supermercados,5 stars,0,banco
"Excelentes alternativas a 1. HeyBanco - Sin comisiones, contratación en línea, +23K puntos para retirar $ 2. NuBank - Sin comisiones, contratación en línea, retiro de efectivo en supermercados","['excelentes', 'alternativas', '1', 'heybanco', 'comisiones', 'contratacion', 'linea', '23k', 'puntos', 'retirar', '2', 'nubank', 'comisiones', 'contratacion', 'linea', 'retiro', 'efectivo', 'supermercados']",excelentes alternativas 1 heybanco comisiones contratacion linea 23k puntos retirar 2 nubank comisiones contratacion linea retiro efectivo supermercados,5 stars,0,banco
"Excelentes alternativas a : 1. HeyBanco - Sin comisiones, contratación en línea, +23K puntos para retirar $ 2. NuBank - Sin comisiones, contratación en línea, retiro de efectivo en supermercados","['excelentes', 'alternativas', '1', 'heybanco', 'comisiones', 'contratacion', 'linea', '23k', 'puntos', 'retirar', '2', 'nubank', 'comisiones', 'contratacion', 'linea', 'retiro', 'efectivo', 'supermercados']",excelentes alternativas 1 heybanco comisiones contratacion linea 23k puntos retirar 2 nubank comisiones contratacion linea retiro efectivo supermercados,5 stars,0,banco
"Excelentes alternativas a Banco Azteca: 1. HeyBanco - Sin comisiones, contratación en línea, +23K puntos para retirar $ 2. NuBank - Sin comisiones, contratación en línea, retiro de efectivo en supermercados","['excelentes', 'alternativas', 'banco', 'azteca', '1', 'heybanco', 'comisiones', 'contratacion', 'linea', '23k', 'puntos', 'retirar', '2', 'nubank', 'comisiones', 'contratacion', 'linea', 'retiro', 'efectivo', 'supermercados']",excelentes alternativas banco azteca 1 heybanco comisiones contratacion linea 23k puntos retirar 2 nubank comisiones contratacion linea retiro efectivo supermercados,5 stars,0,banco
¡Celebramos 6 años en Hey Banco! 🎉 Gracias por confiar en nosotros en este viaje; tu apoyo ha sido fundamental para nuestro…,"['celebramos', '6', 'anos', 'hey', 'banco', 'gracias', 'confiar', 'viaje', 'apoyo', 'sido', 'fundamental']",celebramos 6 anos hey banco gracias confiar viaje apoyo sido fundamental,5 stars,0,banco
la mejor opción rendimiento del 13%,"['mejor', 'opcion', 'rendimiento', '13']",mejor opcion rendimiento 13,5 stars,0,rendimiento
Me encantan las respuestas de a las fallas repoadas en su App 🙄,"['encantan', 'respuestas', 'fallas', 'repoadas', 'app']",encantan respuestas fallas repoadas app,5 stars,0,app
"Y aprovecho el tuit para recomendarles a hey banco, yo lqm 🫶🏽 ni una sola queja en dos años","['aprovecho', 'tuit', 'recomendarles', 'hey', 'banco', 'lqm', 'sola', 'queja', 'dos', 'anos']",aprovecho tuit recomendarles hey banco lqm sola queja dos anos,5 stars,0,banco
Mejor aumenten líneas de crédito! 😭😭😭😭,"['mejor', 'aumenten', 'lineas', 'credito']",mejor aumenten lineas credito,5 stars,0,credito
"Cada más agradecido de peenecer a !! Si ocupan un banco que solucione, este es el mero bueno! Thkss","['cada', 'mas', 'agradecido', 'peenecer', 'si', 'ocupan', 'banco', 'solucione', 'mero', 'bueno', 'thkss']",cada mas agradecido peenecer si ocupan banco solucione mero bueno thkss,5 stars,0,banco
"Por eso me encanta Su app es simplemente increíble! 💯. Además de ser super intuitiva, Cashback en todas tus compras…","['encanta', 'app', 'simplemente', 'increible', 'ademas', 'ser', 'super', 'intuitiva', 'cashback', 'todas', 'compras']",encanta app simplemente increible ademas ser super intuitiva cashback todas compras,5 stars,0,cashback
trae la de hey banco 😍🥹 humilde mi chiquito,"['trae', 'hey', 'banco', 'humilde', 'chiquito']",trae hey banco humilde chiquito,5 stars,0,banco
¡Celebra el amor con estilo este San Valentín! ❤️ Descubre las últimas colecciones de tus marcas favoritas aquí: SomosHey HeyMedia HeyBanco SanValentín Regalos,"['celebra', 'amor', 'estilo', 'san', 'valentin', 'descubre', 'ultimas', 'colecciones', 'marcas', 'favoritas', 'aqui', 'somoshey', 'heymedia', 'heybanco', 'sanvalentin', 'regalos']",celebra amor estilo san valentin descubre ultimas colecciones marcas favoritas aqui somoshey heymedia heybanco sanvalentin regalos,5 stars,0,banco
Comerciales tan ganadores como los Kansas Chiefs que nos dejó el SuperBowl este año: SomosHey HeyMedia HeyBanco Comerciales SBLVIII MichaelCera JLo MainScorsese,"['comerciales', 'tan', 'ganadores', 'kansas', 'chiefs', 'dejo', 'superbowl', 'ano', 'somoshey', 'heymedia', 'heybanco', 'comerciales', 'sblviii', 'michaelcera', 'jlo', 'mainscorsese']",comerciales tan ganadores kansas chiefs dejo superbowl ano somoshey heymedia heybanco comerciales sblviii michaelcera jlo mainscorsese,5 stars,0,banco
"Hey, hey, hey, banco 👌✔️ Esto es perfecto","['hey', 'hey', 'hey', 'banco', 'perfecto']",hey hey hey banco perfecto,5 stars,0,banco
Te recomiendo,['recomiendo'],recomiendo,5 stars,0,recomi
"Me recomendaron charliehack50 en TELEGRAM. Él puede ayudae a solucionar este problema. Recuperé el mío con su ayuda, así que lo recomiendo como la mejor y más rápida opción.","['recomendaron', 'charliehack50', 'telegram', 'puede', 'ayudae', 'solucionar', 'problema', 'recupere', 'mio', 'ayuda', 'asi', 'recomiendo', 'mejor', 'mas', 'rapida', 'opcion']",recomendaron charliehack50 telegram puede ayudae solucionar problema recupere mio ayuda asi recomiendo mejor mas rapida opcion,5 stars,0,recomi
"Yo sí recomiendo! Aunque siento que es difícil que te la aprueben si nunca has tenido una, o si no tienes historial con banamex (al menos he escuchado casos así), mi primera tdc fue de heybanco y recomiendo, en ese tiempo daban 1 o 2% de recompensas en compras con la tarjeta+","['si', 'recomiendo', 'aunque', 'siento', 'dificil', 'aprueben', 'si', 'nunca', 'si', 'historial', 'banamex', 'menos', 'escuchado', 'casos', 'asi', 'primera', 'tdc', 'heybanco', 'recomiendo', 'tiempo', 'daban', '1', '2', 'recompensas', 'compras', 'tarjeta']",si recomiendo aunque siento dificil aprueben si nunca si historial banamex menos escuchado casos asi primera tdc heybanco recomiendo tiempo daban 1 2 recompensas compras tarjeta,5 stars,0,tarjeta
"Gracias a por invitarnos a conocer más sobre la colección retro así como los detalles y obsequios ! Mi Tarjeta es la de Anime , acorde para comprar los boletos de cine para la nueva película de rascaldoesnotdream","['gracias', 'invitarnos', 'conocer', 'mas', 'coleccion', 'retro', 'asi', 'detalles', 'obsequios', 'tarjeta', 'anime', 'acorde', 'comprar', 'boletos', 'cine', 'nueva', 'pelicula', 'rascaldoesnotdream']",gracias invitarnos conocer mas coleccion retro asi detalles obsequios tarjeta anime acorde comprar boletos cine nueva pelicula rascaldoesnotdream,5 stars,0,tarjeta
gracias didi por la confianza y incrementar mi línea de crédito a 20k ni y mean ofreciendo tanto crédito gracias solo faltaría los MSI,"['gracias', 'didi', 'confianza', 'incrementar', 'linea', 'credito', '20k', 'mean', 'ofreciendo', 'credito', 'gracias', 'solo', 'faltaria', 'msi']",gracias didi confianza incrementar linea credito 20k mean ofreciendo credito gracias solo faltaria msi,5 stars,0,credito
Akamba regresa gracias a Aprovecha la venta PRE Cael presentada por Hey Banco. Disfruta de esta etapa única…,"['akamba', 'regresa', 'gracias', 'aprovecha', 'venta', 'pre', 'cael', 'presentada', 'hey', 'banco', 'disfruta', 'etapa', 'unica']",akamba regresa gracias aprovecha venta pre cael presentada hey banco disfruta etapa unica,5 stars,0,banco
"Me recomendaron charliehack50 en TELEGRAM. Él puede ayudae a solucionar este problema. Recuperé el mío con su ayuda, así que lo recomiendo como la mejor y más rápida opción.","['recomendaron', 'charliehack50', 'telegram', 'puede', 'ayudae', 'solucionar', 'problema', 'recupere', 'mio', 'ayuda', 'asi', 'recomiendo', 'mejor', 'mas', 'rapida', 'opcion']",recomendaron charliehack50 telegram puede ayudae solucionar problema recupere mio ayuda asi recomiendo mejor mas rapida opcion,5 stars,0,recomi
los amo! Gracias ya pude entrar a mi App saludos 😆,"['amo', 'gracias', 'pude', 'entrar', 'app', 'saludos']",amo gracias pude entrar app saludos,5 stars,0,app
Sigue sin dejarme aumentar mi linea de la tarjeta de crédito garantizada,"['sigue', 'dejarme', 'aumentar', 'linea', 'tarjeta', 'credito', 'garantizada']",sigue dejarme aumentar linea tarjeta credito garantizada,5 stars,0,tarjeta
"Wey, lo mejor de es que puedo pagar con Apple Pay 🤩🥳","['wey', 'mejor', 'puedo', 'pagar', 'apple', 'pay']",wey mejor puedo pagar apple pay,5 stars,0,app